phase,model_stage,method,role,forget_all,forget_heldout,retain_all,retain_heldout,general,forget_target_met,retain_target_met,general_target_met,all_targets_met,interpretation,source
Week 3.5,before_unlearning_week35_adapter,Strict learned LoRA baseline,baseline,95.0,92.5,94.6,91.9,56.0,,,,,Learned starting point before unlearning,Week 7/results/normalized_rollback_unlearning_v3/results/week7_v3_cross_week_comparison.csv
Week 4,week4_gradient_ascent,Gradient ascent plus retain descent,selected,35.0,34.0,73.0,66.9,50.0,true,false,true,false,Strong forgetting with substantial collateral retain damage,Week 4/results/gradient_ascent_unlearning_v1/results/metrics.json
Week 5,week5_preserving_selected,Retain-regularized sweep with KL preservation,selected,69.7,67.0,92.4,88.9,58.0,false,true,true,false,Preservation-oriented checkpoint with incomplete forgetting,Week 5/results/retain_regularized_unlearning_resumable_v1/results/week4_week5_comparison.csv
Week 5,week5_aggressive_c09_epoch_03,Aggressive retain-regularized checkpoint,contrast,32.7,32.0,67.8,61.9,46.0,true,false,false,false,Strongest forgetting but worst combined utility outcome,Week 5/results/aggressive_contrast_evaluation_v1/c09_most_aggressive_epoch_03/results/aggressive_contrast_report.md
Week 6,week6_constrained_gradient_selected,PCGrad-style constrained gradient,selected,67.3,64.0,90.9,87.0,54.0,false,true,true,false,Small forgetting improvement over Week 5 preserving while retaining utility floors,Week 6/results/constrained_gradient_unlearning_v1/results/week6_constrained_gradient_report.md
Week 7 V1,week7_v1_adaptive_selected,Adaptive constrained unlearning,selected,61.0,59.0,87.4,83.1,54.0,false,true,true,false,Best selected balance under the global utility floors,Week 7/results/adaptive_constrained_unlearning_v1/results/week7_adaptive_constraint_report.md
Week 7 V1,week7_v1_fixed_control,Matched fixed-pressure control,control,,46.5,,78.2,52.0,false,false,true,false,Nearer the forget target but below the retain floor,Week 7/results/adaptive_constrained_unlearning_v1/results/week7_adaptive_constraint_report.md
Week 7 V2,week7_v2_rollback_selected,Rollback-constrained unlearning,selected,95.0,92.5,94.8,92.1,58.0,false,true,true,false,Preserved utility but produced no measurable held-out forgetting,Week 7/results/rollback_constrained_unlearning_v2_trial8_audit/results/trial8_audit_report.md
Week 7 V3,week7_v3_normalized_selected,Normalized-gradient rollback,selected,93.0,90.0,94.6,91.9,60.0,false,true,true,false,Preservation-first negative result with only a 2.5-point forget reduction,Week 7/results/normalized_rollback_unlearning_v3/results/week7_v3_normalized_report.md
