candidate_id,epoch,learning_rate,retain_weight,kl_weight,mean_forget_loss,mean_retain_loss,mean_kl_loss,forget_heldout_selection_percentage,retain_heldout_selection_percentage,retain_eligible,selection_score,updated_at_utc,selected_epoch_for_candidate,candidate_adapter_dir,phase,forget_scale,projection_strength,mean_gradient_cosine,conflict_rate,projection_rate,adaptive_enabled,retain_floor,base_retain_weight,base_kl_weight,forget_pressure,retain_dual,effective_retain_weight,effective_kl_weight,next_forget_pressure,next_retain_dual,controller_action,constraint_gap,mean_training_objective,general_selection_percentage,controller_constraint_satisfied,globally_eligible
c07_higher_kl,3,2e-05,2.0,1.0,0.1396902847650562,0.0014394773785534,0.0009491895135033,63.74999999999999,88.125,True,37.03125000000001,2026-06-22T18:36:14.787412+00:00,3,/content/unlearning-thesis/Week 5/results/retain_regularized_unlearning_resumable_v1/candidate_adapters/c07_higher_kl,Week 5,,,,,,,,,,,,,,,,,,,,,
c01_low_lr_balanced,8,1e-05,2.0,0.5,0.7553403652858105,0.0090132438842556,0.0086586708972208,65.0,85.0,True,35.0,2026-06-22T15:37:08.322631+00:00,8,/content/unlearning-thesis/Week 5/results/retain_regularized_unlearning_resumable_v1/candidate_adapters/c01_low_lr_balanced,Week 5,,,,,,,,,,,,,,,,,,,,,
c08_most_preserving,8,1e-05,4.0,1.0,0.5695580774939298,0.00504754884485,0.0052227293051873,66.25,86.875,True,34.21875,2026-06-22T19:25:55.426493+00:00,8,/content/unlearning-thesis/Week 5/results/retain_regularized_unlearning_resumable_v1/candidate_adapters/c08_most_preserving,Week 5,,,,,,,,,,,,,,,,,,,,,
c04_lower_retain,3,2e-05,1.0,0.5,0.1843460729796061,0.0017958574174554,0.0010005749515266,67.5,87.5,True,33.125,2026-06-22T17:04:36.758217+00:00,3,/content/unlearning-thesis/Week 5/results/retain_regularized_unlearning_resumable_v1/candidate_adapters/c04_lower_retain,Week 5,,,,,,,,,,,,,,,,,,,,,
c06_lower_kl,5,2e-05,2.0,0.1,0.6330637885154283,0.0085432912974647,0.0087344519398538,67.5,86.875,True,32.96875,2026-06-22T18:13:02.584875+00:00,5,/content/unlearning-thesis/Week 5/results/retain_regularized_unlearning_resumable_v1/candidate_adapters/c06_lower_kl,Week 5,,,,,,,,,,,,,,,,,,,,,
c02_mid_lr_balanced,3,2e-05,2.0,0.5,0.2278369122202275,0.0009772433287253,0.0005052380240363,70.0,86.875,True,30.46875,2026-06-22T15:48:54.370016+00:00,3,/content/unlearning-thesis/Week 5/results/retain_regularized_unlearning_resumable_v1/candidate_adapters/c02_mid_lr_balanced,Week 5,,,,,,,,,,,,,,,,,,,,,
c05_higher_retain,4,2e-05,4.0,0.5,0.3052032045029409,0.0027124189750065,0.0026960002992859,71.25,87.5,True,29.375,2026-06-22T17:38:53.269543+00:00,4,/content/unlearning-thesis/Week 5/results/retain_regularized_unlearning_resumable_v1/candidate_adapters/c05_higher_retain,Week 5,,,,,,,,,,,,,,,,,,,,,
c09_most_aggressive,1,5e-05,1.0,0.1,0.0014940445584943,0.0032607639393972,0.0020838930363254,83.75,93.125,True,18.28125,2026-06-22T19:29:46.875075+00:00,1,/content/unlearning-thesis/Week 5/results/retain_regularized_unlearning_resumable_v1/candidate_adapters/c09_most_aggressive,Week 5,,,,,,,,,,,,,,,,,,,,,
c03_high_lr_balanced,1,5e-05,2.0,0.5,0.0016972545512908,0.0017069441187777,0.0005207753456568,83.75,88.75,True,17.1875,2026-06-22T16:24:49.925532+00:00,1,/content/unlearning-thesis/Week 5/results/retain_regularized_unlearning_resumable_v1/candidate_adapters/c03_high_lr_balanced,Week 5,,,,,,,,,,,,,,,,,,,,,
c02_pcgrad_balanced,4,2e-05,2.0,0.5,0.446781540501579,0.0105380254459851,0.0102115526158286,61.25000000000001,87.5,True,39.62499999999999,2026-06-23T17:23:13.104246+00:00,4,/content/unlearning-thesis/Week 6/results/constrained_gradient_unlearning_v1/candidate_adapters/c02_pcgrad_balanced,Week 6,1.0,1.0,-0.0038261883192793,0.56,0.56,,,,,,,,,,,,,,,,
c06_no_projection_control,4,2e-05,2.0,1.0,0.3728700657867739,0.0028247346184616,0.0025359244233436,67.5,86.875,True,33.15625,2026-06-23T19:01:23.981046+00:00,4,/content/unlearning-thesis/Week 6/results/constrained_gradient_unlearning_v1/candidate_adapters/c06_no_projection_control,Week 6,1.0,0.0,-0.0064759943078547,0.64,0.0,,,,,,,,,,,,,,,,
c01_pcgrad_higher_kl,4,2e-05,2.0,1.0,0.3421825826321583,0.0014484490242466,0.0013273969057036,70.0,86.25,True,30.4375,2026-06-23T17:00:31.108854+00:00,4,/content/unlearning-thesis/Week 6/results/constrained_gradient_unlearning_v1/candidate_adapters/c01_pcgrad_higher_kl,Week 6,1.0,1.0,-0.0092457160674774,0.69,0.69,,,,,,,,,,,,,,,,
c03_pcgrad_aggressive_guarded,2,5e-05,2.0,1.0,0.1096403946569989,0.0030666146891599,0.0029537448286828,72.5,86.875,True,28.15625,2026-06-23T17:38:27.241561+00:00,2,/content/unlearning-thesis/Week 6/results/constrained_gradient_unlearning_v1/candidate_adapters/c03_pcgrad_aggressive_guarded,Week 6,0.75,1.0,-0.0064527633246685,0.63,0.63,,,,,,,,,,,,,,,,
c05_pcgrad_retain_heavy,4,2e-05,4.0,0.5,0.3885475336183299,0.0181219576351577,0.0178799509074451,73.75,85.0,True,26.25,2026-06-23T18:38:54.247862+00:00,4,/content/unlearning-thesis/Week 6/results/constrained_gradient_unlearning_v1/candidate_adapters/c05_pcgrad_retain_heavy,Week 6,1.5,1.0,-0.0059636402295449,0.6,0.6,,,,,,,,,,,,,,,,
c04_pcgrad_preserve_high,6,1e-05,4.0,1.0,0.3227594970987411,0.0011170501908782,0.0008273841641403,77.5,87.5,True,23.375,2026-06-23T18:15:51.082493+00:00,6,/content/unlearning-thesis/Week 6/results/constrained_gradient_unlearning_v1/candidate_adapters/c04_pcgrad_preserve_high,Week 6,1.25,1.0,-0.0048335554954283,0.57,0.57,,,,,,,,,,,,,,,,
c02_adaptive_floor83_stronger,3,3e-05,,,0.4958710624622836,0.0057098876613599,0.0052410400686767,61.25000000000001,82.5,,39.79999999999999,2026-06-29T14:52:12.596549+00:00,3,/content/unlearning-thesis/Week 7/results/adaptive_constrained_unlearning_v1/candidate_adapters/c02_adaptive_floor83_stronger,Week 7,,,,,,True,83.0,1.5,0.5,2.45,0.0,1.5,0.5,1.3475,0.04,backoff_constraint_violation,0.005,-1.203698770662595,56.00000000000001,False,True
c01_adaptive_floor85_balanced,4,2e-05,,,0.3704885216845286,0.0019001076059794,0.0015394651801034,68.75,87.5,,33.8,2026-06-29T14:27:09.877437+00:00,4,/content/unlearning-thesis/Week 7/results/adaptive_constrained_unlearning_v1/candidate_adapters/c01_adaptive_floor85_balanced,Week 7,,,,,,True,85.0,2.0,0.5,2.4603750000000004,0.0,2.0,0.5,3.321506250000001,0.0,increase_forget_pressure,-0.025,-0.9069707643797664,56.00000000000001,True,True
c03_adaptive_floor82_aggressive,1,5e-05,,,0.0022883147283573,0.0021944700787571,0.0007735926155737,80.0,91.875,,23.2625,2026-06-29T15:14:16.314033+00:00,1,/content/unlearning-thesis/Week 7/results/adaptive_constrained_unlearning_v1/candidate_adapters/c03_adaptive_floor82_aggressive,Week 7,,,,,,True,82.0,1.5,0.25,1.5,0.0,1.5,0.25,2.0250000000000004,0.0,increase_forget_pressure,-0.02,5.263116596324835e-05,52.0,True,True
c04_fixed_pressure_control,4,3e-05,,,1.1588536879404274,0.0448905746359378,0.0438790443549442,42.5,73.75,,-955.75,2026-06-29T16:15:50.052399+00:00,4,/content/unlearning-thesis/Week 7/results/adaptive_constrained_unlearning_v1/candidate_adapters/c04_fixed_pressure_control,Week 7,,,,,,False,83.0,1.5,0.5,1.25,0.0,1.5,0.5,1.25,0.0,fixed_control,0.0,-1.3592917298400424,52.0,False,False
